{
  "project_info": {
    "project_number": "1073273991425",
    "project_id": "travelzz-35e91",
    "storage_bucket": "travelzz-35e91.appspot.com"
  },
  "client": [
    {
      "client_info": {
        "mobilesdk_app_id": "1:1073273991425:android:c8bb0d61851428a0d1eb00",
        "android_client_info": {
          "package_name": "com.example.travelplanner"
        }
      },
      "oauth_client": [],
      "api_key": [
        {
          "current_key": "AIzaSyCW2-IWssd07WJ4EVirKnojegs2UjLCa2s"
        }
      ],
      "services": {
        "appinvite_service": {
          "other_platform_oauth_client": []
        }
      }
    }
  ],
  "configuration_version": "1"
}